{
    "Dead": {
        "precision": 0.8444444444444444,
        "recall": 0.475,
        "f1-score": 0.608,
        "support": 80.0
    },
    "Survived": {
        "precision": 0.23636363636363636,
        "recall": 0.65,
        "f1-score": 0.3466666666666667,
        "support": 20.0
    },
    "accuracy": 0.51,
    "macro avg": {
        "precision": 0.5404040404040404,
        "recall": 0.5625,
        "f1-score": 0.47733333333333333,
        "support": 100.0
    },
    "weighted avg": {
        "precision": 0.7228282828282829,
        "recall": 0.51,
        "f1-score": 0.5557333333333334,
        "support": 100.0
    }
}